{
  "step": [
    100,
    200,
    300,
    400,
    500,
    600,
    700,
    800,
    900,
    1000,
    1100,
    1200,
    1300,
    1400,
    1500,
    1600,
    1700,
    1800,
    1900,
    2000,
    2100,
    2200,
    2300,
    2400,
    2500,
    2600,
    2700,
    2800,
    2900,
    3000,
    3100,
    3200,
    3300,
    3400,
    3500,
    3600,
    3700,
    3800,
    3900,
    4000,
    4100,
    4200,
    4300,
    4400,
    4500,
    4600,
    4700,
    4800,
    4900,
    5000,
    5100,
    5200,
    5300,
    5400,
    5500,
    5600,
    5700,
    5800,
    5900,
    6000,
    6100,
    6200,
    6300,
    6400,
    6500,
    6600,
    6700,
    6800,
    6900,
    7000,
    7100,
    7200,
    7300,
    7400,
    7500,
    7600,
    7700,
    7800,
    7900,
    8000,
    8100,
    8200,
    8300,
    8400,
    8500,
    8600,
    8700,
    8800,
    8900,
    9000,
    9100,
    9200,
    9300,
    9400,
    9500,
    9600,
    9700,
    9800,
    9900,
    10000,
    10100,
    10200,
    10300,
    10400,
    10500,
    10600,
    10700,
    10800,
    10900,
    11000,
    11100,
    11200,
    11300,
    11400,
    11500,
    11600,
    11700,
    11800,
    11900,
    12000,
    12100,
    12200,
    12300,
    12400,
    12500,
    12600,
    12700,
    12800,
    12900,
    13000,
    13100,
    13200,
    13300,
    13400,
    13500,
    13600,
    13700,
    13800,
    13900,
    14000,
    14100,
    14200,
    14300,
    14400,
    14500,
    14600,
    14700,
    14800,
    14900,
    15000,
    15100,
    15200,
    15300,
    15400,
    15500,
    15600,
    15700,
    15800,
    15900,
    16000,
    16100,
    16200,
    16300,
    16400,
    16500,
    16600,
    16700,
    16800,
    16900,
    17000,
    17100,
    17200,
    17300,
    17400,
    17500,
    17600,
    17700,
    17800,
    17900,
    18000,
    18100,
    18200,
    18300,
    18400,
    18500,
    18600,
    18700,
    18800,
    18900,
    19000,
    19100,
    19200,
    19300,
    19400,
    19500,
    19600,
    19700,
    19800,
    19900,
    20000
  ],
  "train_loss": [
    1.6322989463806152,
    1.5821893215179443,
    1.4475748538970947,
    1.3931398391723633,
    1.3530548810958862,
    1.3386708498001099,
    1.2938004732131958,
    1.3117740154266357,
    1.274243950843811,
    1.272377371788025,
    1.2398669719696045,
    1.244692325592041,
    1.225770354270935,
    1.2176082134246826,
    1.2227569818496704,
    1.2155143022537231,
    1.2073894739151,
    1.1922457218170166,
    1.1804004907608032,
    1.191188931465149,
    1.2015380859375,
    1.1914020776748657,
    1.193811297416687,
    1.1887322664260864,
    1.171194314956665,
    1.166599154472351,
    1.1617549657821655,
    1.181301236152649,
    1.1737550497055054,
    1.1744675636291504,
    1.147027850151062,
    1.1450284719467163,
    1.1545180082321167,
    1.1587302684783936,
    1.1348822116851807,
    1.1235787868499756,
    1.1490814685821533,
    1.129631757736206,
    1.137634038925171,
    1.1297004222869873,
    1.1382930278778076,
    1.1647156476974487,
    1.1395808458328247,
    1.130586862564087,
    1.126018762588501,
    1.1311496496200562,
    1.1191033124923706,
    1.1105674505233765,
    1.1245110034942627,
    1.140669584274292,
    1.1176339387893677,
    1.1171756982803345,
    1.144513726234436,
    1.1147817373275757,
    1.1227446794509888,
    1.098982810974121,
    1.1350456476211548,
    1.1123247146606445,
    1.1147289276123047,
    1.11155104637146,
    1.0976935625076294,
    1.1019970178604126,
    1.1007895469665527,
    1.10452139377594,
    1.096845030784607,
    1.1149930953979492,
    1.114697813987732,
    1.1062783002853394,
    1.0970696210861206,
    1.1001973152160645,
    1.0980823040008545,
    1.0896872282028198,
    1.1061275005340576,
    1.0932039022445679,
    1.1042050123214722,
    1.0854421854019165,
    1.1071006059646606,
    1.1105586290359497,
    1.0974526405334473,
    1.1008450984954834,
    1.109479308128357,
    1.1051607131958008,
    1.0921739339828491,
    1.0884122848510742,
    1.1032307147979736,
    1.0933009386062622,
    1.0924628973007202,
    1.0836642980575562,
    1.0924686193466187,
    1.1214046478271484,
    1.0951409339904785,
    1.0921002626419067,
    1.1112005710601807,
    1.0953717231750488,
    1.080872654914856,
    1.1050151586532593,
    1.0887343883514404,
    1.1021337509155273,
    1.0981228351593018,
    1.0859689712524414,
    1.08324134349823,
    1.0874650478363037,
    1.0839601755142212,
    1.0876476764678955,
    1.092687964439392,
    1.0854780673980713,
    1.0971059799194336,
    1.083612084388733,
    1.0857000350952148,
    1.1023112535476685,
    1.0986177921295166,
    1.1019319295883179,
    1.0899553298950195,
    1.0790798664093018,
    1.0865193605422974,
    1.0825773477554321,
    1.092422604560852,
    1.0854451656341553,
    1.0855979919433594,
    1.0775903463363647,
    1.1025480031967163,
    1.082809567451477,
    1.0871310234069824,
    1.1019304990768433,
    1.0841511487960815,
    1.0949780941009521,
    1.0860198736190796,
    1.079070806503296,
    1.0938912630081177,
    1.078737735748291,
    1.079886555671692,
    1.0739845037460327,
    1.0838793516159058,
    1.0792005062103271,
    1.076780915260315,
    1.0881102085113525,
    1.0829545259475708,
    1.0711735486984253,
    1.0836561918258667,
    1.0828235149383545,
    1.0875011682510376,
    1.0811983346939087,
    1.0802054405212402,
    1.0809829235076904,
    1.081803798675537,
    1.0747889280319214,
    1.0756607055664062,
    1.0842645168304443,
    1.0944058895111084,
    1.0863896608352661,
    1.0932776927947998,
    1.072715163230896,
    1.0869331359863281,
    1.083197832107544,
    1.07677161693573,
    1.077684760093689,
    1.0867671966552734,
    1.08170485496521,
    1.0725988149642944,
    1.0957571268081665,
    1.0789989233016968,
    1.082427740097046,
    1.078674554824829,
    1.0852938890457153,
    1.0740803480148315,
    1.0747640132904053,
    1.0816184282302856,
    1.0766774415969849,
    1.088420033454895,
    1.0776934623718262,
    1.1138179302215576,
    1.086129069328308,
    1.0837130546569824,
    1.0774041414260864,
    1.0649566650390625,
    1.0691758394241333,
    1.0732609033584595,
    1.0809277296066284,
    1.0844768285751343,
    1.0879852771759033,
    1.0857040882110596,
    1.0805295705795288,
    1.0754824876785278,
    1.0705478191375732,
    1.0801069736480713,
    1.0925432443618774,
    1.0743498802185059,
    1.0709589719772339,
    1.0734483003616333,
    1.073075294494629,
    1.081770420074463,
    1.07388436794281,
    1.0741186141967773,
    1.0742977857589722,
    1.077591061592102,
    1.0704033374786377,
    1.080970287322998,
    1.0714023113250732,
    1.0697389841079712,
    1.0820990800857544
  ],