{
  "step": [
    100,
    200,
    300,
    400,
    500,
    600,
    700,
    800,
    900,
    1000,
    1100,
    1200,
    1300,
    1400,
    1500,
    1600,
    1700,
    1800,
    1900,
    2000,
    2100,
    2200,
    2300,
    2400,
    2500,
    2600,
    2700,
    2800,
    2900,
    3000,
    3100,
    3200,
    3300,
    3400,
    3500,
    3600,
    3700,
    3800,
    3900,
    4000,
    4100,
    4200,
    4300,
    4400,
    4500,
    4600,
    4700,
    4800,
    4900,
    5000,
    5100,
    5200,
    5300,
    5400,
    5500,
    5600,
    5700,
    5800,
    5900,
    6000,
    6100,
    6200,
    6300,
    6400,
    6500,
    6600,
    6700,
    6800,
    6900,
    7000,
    7100,
    7200,
    7300,
    7400,
    7500,
    7600,
    7700,
    7800,
    7900,
    8000,
    8100,
    8200,
    8300,
    8400,
    8500,
    8600,
    8700,
    8800,
    8900,
    9000,
    9100,
    9200,
    9300,
    9400,
    9500,
    9600,
    9700,
    9800,
    9900,
    10000,
    10100,
    10200,
    10300,
    10400,
    10500,
    10600,
    10700,
    10800,
    10900,
    11000,
    11100,
    11200,
    11300,
    11400,
    11500,
    11600,
    11700,
    11800,
    11900,
    12000,
    12100,
    12200,
    12300,
    12400,
    12500,
    12600,
    12700,
    12800,
    12900,
    13000,
    13100,
    13200,
    13300,
    13400,
    13500,
    13600,
    13700,
    13800,
    13900,
    14000,
    14100,
    14200,
    14300,
    14400,
    14500,
    14600,
    14700,
    14800,
    14900,
    15000,
    15100,
    15200,
    15300,
    15400,
    15500,
    15600,
    15700,
    15800,
    15900,
    16000,
    16100,
    16200,
    16300,
    16400,
    16500,
    16600,
    16700,
    16800,
    16900,
    17000,
    17100,
    17200,
    17300,
    17400,
    17500,
    17600,
    17700,
    17800,
    17900,
    18000,
    18100,
    18200,
    18300,
    18400,
    18500,
    18600,
    18700,
    18800,
    18900,
    19000,
    19100,
    19200,
    19300,
    19400,
    19500,
    19600,
    19700,
    19800,
    19900,
    20000
  ],
  "train_loss": [
    1.6733388900756836,
    1.6697461605072021,
    1.6442720890045166,
    1.5587456226348877,
    1.4449071884155273,
    1.3755874633789062,
    1.3486498594284058,
    1.3277440071105957,
    1.3147600889205933,
    1.3202509880065918,
    1.303503155708313,
    1.2960381507873535,
    1.2911704778671265,
    1.2636439800262451,
    1.2662715911865234,
    1.2543669939041138,
    1.242870569229126,
    1.2519041299819946,
    1.2433887720108032,
    1.2370485067367554,
    1.2260494232177734,
    1.235641360282898,
    1.2245831489562988,
    1.2200860977172852,
    1.2100499868392944,
    1.2244138717651367,
    1.2036995887756348,
    1.231781244277954,
    1.221863865852356,
    1.1946392059326172,
    1.1897846460342407,
    1.1992647647857666,
    1.1894445419311523,
    1.1849952936172485,
    1.1978240013122559,
    1.199202299118042,
    1.1948912143707275,
    1.1920613050460815,
    1.1821540594100952,
    1.1954855918884277,
    1.1652871370315552,
    1.1891329288482666,
    1.1813877820968628,
    1.1773476600646973,
    1.1780271530151367,
    1.1545034646987915,
    1.1699944734573364,
    1.1627051830291748,
    1.1720064878463745,
    1.1484196186065674,
    1.1707220077514648,
    1.166333556175232,
    1.1632308959960938,
    1.1767939329147339,
    1.1708985567092896,
    1.1503467559814453,
    1.1600730419158936,
    1.174307107925415,
    1.152510643005371,
    1.1556912660598755,
    1.1444206237792969,
    1.1528055667877197,
    1.1443023681640625,
    1.1469199657440186,
    1.1358095407485962,
    1.1461656093597412,
    1.1508381366729736,
    1.1462082862854004,
    1.1478044986724854,
    1.1444883346557617,
    1.141808271408081,
    1.1660081148147583,
    1.1468231678009033,
    1.1327869892120361,
    1.1330265998840332,
    1.1406550407409668,
    1.1318020820617676,
    1.139704704284668,
    1.1285792589187622,
    1.1389199495315552,
    1.1343449354171753,
    1.132355809211731,
    1.1346772909164429,
    1.1330851316452026,
    1.130922794342041,
    1.1255602836608887,
    1.1423169374465942,
    1.1380119323730469,
    1.135101556777954,
    1.1434283256530762,
    1.1377507448196411,
    1.1219135522842407,
    1.1371943950653076,
    1.1335341930389404,
    1.1416468620300293,
    1.1307083368301392,
    1.1255621910095215,
    1.131547451019287,
    1.1323162317276,
    1.1358872652053833,
    1.1654292345046997,
    1.1497745513916016,
    1.1243280172348022,
    1.1391104459762573,
    1.121235966682434,
    1.1577444076538086,
    1.138291358947754,
    1.130305528640747,
    1.130584478378296,
    1.1195793151855469,
    1.1329174041748047,
    1.1298686265945435,
    1.1315542459487915,
    1.120041012763977,
    1.1180061101913452,
    1.1297310590744019,
    1.1261401176452637,
    1.1346909999847412,
    1.1298233270645142,
    1.1264349222183228,
    1.1265232563018799,
    1.1222729682922363,
    1.1241921186447144,
    1.1255642175674438,
    1.1368449926376343,
    1.12636137008667,
    1.1300809383392334,
    1.1284940242767334,
    1.1238226890563965,
    1.139194369316101,
    1.1214441061019897,
    1.128686785697937,
    1.1184964179992676,
    1.1336618661880493,
    1.1299115419387817,
    1.1088361740112305,
    1.1403528451919556,
    1.1483895778656006,
    1.112457036972046,
    1.131400465965271,
    1.1113507747650146,
    1.1243932247161865,
    1.1354862451553345,
    1.126164197921753,
    1.1152423620224,
    1.1192948818206787,
    1.1235586404800415,
    1.1320421695709229,
    1.1412445306777954,
    1.1286855936050415,
    1.106318712234497,
    1.1227623224258423,
    1.118835687637329,
    1.1177644729614258,
    1.1212682723999023,
    1.127869963645935,
    1.1244500875473022,
    1.1107009649276733,
    1.1137312650680542,
    1.1183148622512817,
    1.1276037693023682,
    1.1096045970916748,
    1.1236268281936646,
    1.1175414323806763,
    1.1084892749786377,
    1.1112922430038452,
    1.134418249130249,
    1.1240663528442383,
    1.1225231885910034,
    1.1092501878738403,
    1.114349603652954,
    1.1334706544876099,
    1.124814510345459,
    1.1166019439697266,
    1.1078732013702393,
    1.1282250881195068,
    1.1114213466644287,
    1.1127097606658936,
    1.112664818763733,
    1.114107608795166,
    1.1126604080200195,
    1.1183521747589111,
    1.1147592067718506,
    1.1165223121643066,
    1.1098583936691284,
    1.1098514795303345,
    1.118130087852478,
    1.1311990022659302,
    1.1150023937225342,
    1.1175978183746338,
    1.1206644773483276,
    1.1138795614242554,
    1.1103954315185547,
    1.1144076585769653,
    1.115081787109375,
    1.1166038513183594,
    1.1089720726013184,
    1.1128041744232178,
    1.1055042743682861,
    1.1112205982208252
  ],