{
  "step": [
    100,
    200,
    300,
    400,
    500,
    600,
    700,
    800,
    900,
    1000,
    1100,
    1200,
    1300,
    1400,
    1500,
    1600,
    1700,
    1800,
    1900,
    2000,
    2100,
    2200,
    2300,
    2400,
    2500,
    2600,
    2700,
    2800,
    2900,
    3000,
    3100,
    3200,
    3300,
    3400,
    3500,
    3600,
    3700,
    3800,
    3900,
    4000,
    4100,
    4200,
    4300,
    4400,
    4500,
    4600,
    4700,
    4800,
    4900,
    5000,
    5100,
    5200,
    5300,
    5400,
    5500,
    5600,
    5700,
    5800,
    5900,
    6000,
    6100,
    6200,
    6300,
    6400,
    6500,
    6600,
    6700,
    6800,
    6900,
    7000,
    7100,
    7200,
    7300,
    7400,
    7500,
    7600,
    7700,
    7800,
    7900,
    8000,
    8100,
    8200,
    8300,
    8400,
    8500,
    8600,
    8700,
    8800,
    8900,
    9000,
    9100,
    9200,
    9300,
    9400,
    9500,
    9600,
    9700,
    9800,
    9900,
    10000,
    10100,
    10200,
    10300,
    10400,
    10500,
    10600,
    10700,
    10800,
    10900,
    11000,
    11100,
    11200,
    11300,
    11400,
    11500,
    11600,
    11700,
    11800,
    11900,
    12000,
    12100,
    12200,
    12300,
    12400,
    12500,
    12600,
    12700,
    12800,
    12900,
    13000,
    13100,
    13200,
    13300,
    13400,
    13500,
    13600,
    13700,
    13800,
    13900,
    14000,
    14100,
    14200,
    14300,
    14400,
    14500,
    14600,
    14700,
    14800,
    14900,
    15000,
    15100,
    15200,
    15300,
    15400,
    15500,
    15600,
    15700,
    15800,
    15900,
    16000,
    16100,
    16200,
    16300,
    16400,
    16500,
    16600,
    16700,
    16800,
    16900,
    17000,
    17100,
    17200,
    17300,
    17400,
    17500,
    17600,
    17700,
    17800,
    17900,
    18000,
    18100,
    18200,
    18300,
    18400,
    18500,
    18600,
    18700,
    18800,
    18900,
    19000,
    19100,
    19200,
    19300,
    19400,
    19500,
    19600,
    19700,
    19800,
    19900,
    20000
  ],
  "train_loss": [
    1.498968243598938,
    1.4116636514663696,
    1.2956347465515137,
    1.257901668548584,
    1.228624939918518,
    1.1946675777435303,
    1.2195844650268555,
    1.1877696514129639,
    1.1854784488677979,
    1.151346206665039,
    1.155822992324829,
    1.1296026706695557,
    1.1261322498321533,
    1.142659306526184,
    1.11704421043396,
    1.101746916770935,
    1.1442534923553467,
    1.108707308769226,
    1.1089234352111816,
    1.1127418279647827,
    1.1182775497436523,
    1.0892565250396729,
    1.1221476793289185,
    1.0677629709243774,
    1.07182776927948,
    1.089376449584961,
    1.0700937509536743,
    1.0678596496582031,
    1.0682591199874878,
    1.058363437652588,
    1.0518410205841064,
    1.0544453859329224,
    1.054852843284607,
    1.0495542287826538,
    1.0419244766235352,
    1.0388277769088745,
    1.036764144897461,
    1.045251727104187,
    1.0501478910446167,
    1.0495193004608154,
    1.0492161512374878,
    1.0362879037857056,
    1.049689531326294,
    1.0291250944137573,
    1.028234601020813,
    1.066300868988037,
    1.02781343460083,
    1.0307722091674805,
    1.0184353590011597,
    1.022060751914978,
    1.048263669013977,
    1.0168414115905762,
    1.026971697807312,
    1.023111343383789,
    1.0335801839828491,
    1.0204582214355469,
    1.0288819074630737,
    1.0298278331756592,
    1.0256506204605103,
    1.0239835977554321,
    1.0166444778442383,
    1.0200520753860474,
    1.021510362625122,
    1.0191407203674316,
    1.0123487710952759,
    1.020142674446106,
    1.0251661539077759,
    1.0196382999420166,
    1.0087639093399048,
    1.0159244537353516,
    1.0052059888839722,
    1.009960651397705,
    1.0248128175735474,
    1.0137053728103638,
    1.0130891799926758,
    1.0183863639831543,
    1.0324482917785645,
    1.0208276510238647,
    1.0073928833007812,
    1.0089153051376343,
    1.0103356838226318,
    1.0128982067108154,
    1.015106439590454,
    1.016261339187622,
    1.0065706968307495,
    1.00226628780365,
    1.0056663751602173,
    1.0035451650619507,
    1.000288963317871,
    1.0040212869644165,
    1.0113444328308105,
    1.0175902843475342,
    1.0031390190124512,
    0.9983200430870056,
    1.0055888891220093,
    1.0003818273544312,
    1.0103100538253784,
    1.0097038745880127,
    1.0105947256088257,
    1.0129454135894775,
    1.003275990486145,
    1.0035603046417236,
    1.0056183338165283,
    1.0027334690093994,
    1.0098603963851929,
    1.0018619298934937,
    1.0056837797164917,
    0.9956738352775574,
    1.0034756660461426,
    0.9987813830375671,
    1.0132132768630981,
    1.0123870372772217,
    0.9990347623825073,
    1.0062028169631958,
    1.0041474103927612,
    0.9981665015220642,
    0.9951702356338501,
    1.0156452655792236,
    0.9951008558273315,
    1.0089683532714844,
    1.0038865804672241,
    0.9951201677322388,
    1.0117318630218506,
    1.009382963180542,
    0.9990503191947937,
    0.9973625540733337,
    1.0128865242004395,
    1.006190538406372,
    1.0179554224014282,
    0.9961220026016235,
    1.0040316581726074,
    1.0004805326461792,
    0.9959700107574463,
    1.0106048583984375,
    0.9969379305839539,
    1.0015848875045776,
    0.9986112117767334,
    1.0026034116744995,
    1.007017731666565,
    0.9965652227401733,
    0.9978432059288025,
    1.0058088302612305,
    1.0005494356155396,
    1.008035659790039,
    1.0080171823501587,
    0.9960617423057556,
    0.9951484203338623,
    0.9972618818283081,
    0.9895259141921997,
    0.994880735874176,
    0.9914042353630066,
    0.9907219409942627,
    0.9955458045005798,
    1.0081079006195068,
    1.0016568899154663,
    0.9929584860801697,
    1.0029141902923584,
    0.9949098825454712,
    1.0040278434753418,
    0.9925239682197571,
    0.9974414706230164,
    1.0032780170440674,
    0.9918233156204224,
    1.0011283159255981,
    1.001591444015503,
    1.0068541765213013,
    1.0051817893981934,
    0.996204137802124,
    0.9956604242324829,
    0.9946069121360779,
    0.9955931901931763,
    0.9929730892181396,
    0.9999030828475952,
    0.9962978959083557,
    0.9967253804206848,
    0.9986411333084106,
    0.9937832355499268,
    0.9963335990905762,
    0.9995844960212708,
    0.9933218359947205,
    0.995711088180542,
    0.9966315031051636,
    0.9963238835334778,
    0.9943596124649048,
    0.9978233575820923,
    1.0022547245025635,
    1.0065984725952148,
    0.9971883296966553,
    0.9937884211540222,
    1.001325249671936,
    0.9956652522087097,
    0.996455192565918,
    1.0051287412643433,
    1.003016710281372,
    0.9922819137573242,
    0.993398904800415,
    0.9988654851913452,
    0.995639979839325,
    0.9942507743835449,
    0.9920777678489685
  ],