{
  "step": [
    100,
    200,
    300,
    400,
    500,
    600,
    700,
    800,
    900,
    1000,
    1100,
    1200,
    1300,
    1400,
    1500,
    1600,
    1700,
    1800,
    1900,
    2000,
    2100,
    2200,
    2300,
    2400,
    2500,
    2600,
    2700,
    2800,
    2900,
    3000,
    3100,
    3200,
    3300,
    3400,
    3500,
    3600,
    3700,
    3800,
    3900,
    4000,
    4100,
    4200,
    4300,
    4400,
    4500,
    4600,
    4700,
    4800,
    4900,
    5000,
    5100,
    5200,
    5300,
    5400,
    5500,
    5600,
    5700,
    5800,
    5900,
    6000,
    6100,
    6200,
    6300,
    6400,
    6500,
    6600,
    6700,
    6800,
    6900,
    7000,
    7100,
    7200,
    7300,
    7400,
    7500,
    7600,
    7700,
    7800,
    7900,
    8000,
    8100,
    8200,
    8300,
    8400,
    8500,
    8600,
    8700,
    8800,
    8900,
    9000,
    9100,
    9200,
    9300,
    9400,
    9500,
    9600,
    9700,
    9800,
    9900,
    10000,
    10100,
    10200,
    10300,
    10400,
    10500,
    10600,
    10700,
    10800,
    10900,
    11000,
    11100,
    11200,
    11300,
    11400,
    11500,
    11600,
    11700,
    11800,
    11900,
    12000,
    12100,
    12200,
    12300,
    12400,
    12500,
    12600,
    12700,
    12800,
    12900,
    13000,
    13100,
    13200,
    13300,
    13400,
    13500,
    13600,
    13700,
    13800,
    13900,
    14000,
    14100,
    14200,
    14300,
    14400,
    14500,
    14600,
    14700,
    14800,
    14900,
    15000,
    15100,
    15200,
    15300,
    15400,
    15500,
    15600,
    15700,
    15800,
    15900,
    16000,
    16100,
    16200,
    16300,
    16400,
    16500,
    16600,
    16700,
    16800,
    16900,
    17000,
    17100,
    17200,
    17300,
    17400,
    17500,
    17600,
    17700,
    17800,
    17900,
    18000,
    18100,
    18200,
    18300,
    18400,
    18500,
    18600,
    18700,
    18800,
    18900,
    19000,
    19100,
    19200,
    19300,
    19400,
    19500,
    19600,
    19700,
    19800,
    19900,
    20000
  ],
  "train_loss": [
    1.5922373533248901,
    1.4809563159942627,
    1.392198085784912,
    1.3447701930999756,
    1.3080264329910278,
    1.2797327041625977,
    1.2562116384506226,
    1.2463635206222534,
    1.2365341186523438,
    1.228226900100708,
    1.2112438678741455,
    1.211928129196167,
    1.200649619102478,
    1.195298433303833,
    1.1817806959152222,
    1.200516939163208,
    1.1950860023498535,
    1.2041966915130615,
    1.2015691995620728,
    1.1717026233673096,
    1.155829906463623,
    1.152930498123169,
    1.1492868661880493,
    1.1519840955734253,
    1.1375151872634888,
    1.1438401937484741,
    1.133805751800537,
    1.1189841032028198,
    1.1470917463302612,
    1.1117101907730103,
    1.1180568933486938,
    1.116080403327942,
    1.1179534196853638,
    1.1286771297454834,
    1.1081746816635132,
    1.1244529485702515,
    1.1441757678985596,
    1.1134172677993774,
    1.1237598657608032,
    1.104575753211975,
    1.105679988861084,
    1.09714674949646,
    1.096347689628601,
    1.1126857995986938,
    1.1155717372894287,
    1.0889365673065186,
    1.097485899925232,
    1.099769949913025,
    1.0853182077407837,
    1.0971661806106567,
    1.089723825454712,
    1.0992501974105835,
    1.0832380056381226,
    1.090757131576538,
    1.0900909900665283,
    1.09369957447052,
    1.0724149942398071,
    1.0813442468643188,
    1.078342318534851,
    1.0786406993865967,
    1.073192834854126,
    1.0843138694763184,
    1.0712157487869263,
    1.0702755451202393,
    1.0683317184448242,
    1.0864144563674927,
    1.0736196041107178,
    1.0714120864868164,
    1.0802292823791504,
    1.0795074701309204,
    1.0732500553131104,
    1.0838230848312378,
    1.078688383102417,
    1.0661711692810059,
    1.0656864643096924,
    1.0678054094314575,
    1.0713422298431396,
    1.066447138786316,
    1.0714707374572754,
    1.0579899549484253,
    1.0729506015777588,
    1.0735923051834106,
    1.0658478736877441,
    1.070438265800476,
    1.0623021125793457,
    1.0684763193130493,
    1.0637900829315186,
    1.0710792541503906,
    1.077479362487793,
    1.0634052753448486,
    1.077702522277832,
    1.063143253326416,
    1.0812060832977295,
    1.0722893476486206,
    1.0764495134353638,
    1.0582245588302612,
    1.0738247632980347,
    1.0636471509933472,
    1.0704268217086792,
    1.0580655336380005,
    1.0694934129714966,
    1.0550051927566528,
    1.0834945440292358,
    1.0666266679763794,
    1.0548264980316162,
    1.0635532140731812,
    1.0661770105361938,
    1.0695453882217407,
    1.0555088520050049,
    1.0658811330795288,
    1.0585308074951172,
    1.0578174591064453,
    1.0601561069488525,
    1.0601470470428467,
    1.0613715648651123,
    1.0637226104736328,
    1.0539799928665161,
    1.0606553554534912,
    1.0621484518051147,
    1.0656588077545166,
    1.0562325716018677,
    1.0519585609436035,
    1.0740995407104492,
    1.0571810007095337,
    1.0593101978302002,
    1.054286003112793,
    1.056674599647522,
    1.057096004486084,
    1.0519928932189941,
    1.0636383295059204,
    1.060196042060852,
    1.0538554191589355,
    1.053559422492981,
    1.0532410144805908,
    1.0584865808486938,
    1.0582225322723389,
    1.0649176836013794,
    1.049726128578186,
    1.0548614263534546,
    1.058968186378479,
    1.0529974699020386,
    1.0604684352874756,
    1.06400465965271,
    1.0576720237731934,
    1.0500935316085815,
    1.0549408197402954,
    1.0531580448150635,
    1.0769872665405273,
    1.0511943101882935,
    1.053892970085144,
    1.0532751083374023,
    1.06797194480896,
    1.055486798286438,
    1.061118721961975,
    1.0508143901824951,
    1.0613205432891846,
    1.0623724460601807,
    1.0542564392089844,
    1.0562959909439087,
    1.0607579946517944,
    1.0553473234176636,
    1.0543756484985352,
    1.0559628009796143,
    1.052546739578247,
    1.056592583656311,
    1.0575740337371826,
    1.0551788806915283,
    1.0492517948150635,
    1.056177020072937,
    1.0495704412460327,
    1.0602489709854126,
    1.0559186935424805,
    1.0527894496917725,
    1.0517444610595703,
    1.0617738962173462,
    1.0622917413711548,
    1.0480700731277466,
    1.0567306280136108,
    1.0581603050231934,
    1.0550601482391357,
    1.0583148002624512,
    1.0456386804580688,
    1.0601551532745361,
    1.0539790391921997,
    1.0512046813964844,
    1.0546337366104126,
    1.0598407983779907,
    1.0548635721206665,
    1.0552836656570435,
    1.0474852323532104,
    1.0628286600112915,
    1.0492336750030518,
    1.0551575422286987,
    1.0552093982696533,
    1.056136131286621,
    1.0591756105422974,
    1.054266333580017,
    1.05616295337677,
    1.0551867485046387,
    1.0538239479064941
  ],